start_time,quiescent_start_time,quiescent_stop_time,stim_start_time,response_window_start_time,stim_stop_time,response_time,response_window_stop_time,post_response_window_start_time,post_response_window_stop_time,stop_time,stim_name,stim_index,block_index,context_name,index,index_within_block,scheduled_reward_index_within_block,repeat_number,is_response,is_correct,is_incorrect,is_hit,is_false_alarm,is_correct_reject,is_miss,is_go,is_nogo,is_rewarded,is_noncontingent_reward,is_contingent_reward,is_reward_scheduled,is_aud_stim,is_vis_stim,is_catch,is_aud_target,is_vis_target,is_aud_nontarget,is_vis_nontarget,is_vis_context,is_aud_context,is_context_switch,is_repeat,is_opto
3.2222487999913283,4.723586899993941,4.723586899993941,4.723586899993941,4.823619799988344,5.225222999995574,4.823619799988344,5.725194999956991,5.725194999956991,7.728118699984159,8.726955599975307,vis1,0,0,vis,0.0,0.0,0.0,0.0,True,False,False,False,False,False,False,False,False,True,True,False,True,False,True,False,False,True,False,False,True,False,False,False,False
8.793692399989348,10.295024500004482,10.295024500004482,10.295024500004482,10.39511180000566,10.795359199991916,11.095692199954764,11.295881199950353,11.295881199950353,13.2975019999519,14.298791499991902,vis1,0,0,vis,1.0,1.0,1.0,0.0,True,False,False,False,False,False,False,False,False,True,True,False,True,False,True,False,False,True,False,False,True,False,False,False,False
14.398480499987025,15.900098299965729,15.900098299965729,15.900098299965729,16.000143799997865,16.400437499987426,,16.90066880000243,16.90066880000243,18.902377899977843,19.903136799993923,vis1,0,0,vis,2.0,2.0,2.0,0.0,False,False,False,False,False,False,False,False,False,True,True,False,True,False,True,False,False,True,False,False,True,False,False,False,False
20.270236699967178,21.77138359996909,21.77138359996909,21.77138359996909,21.8715737999971,22.272212899997363,22.388684299957937,22.772346199964637,22.772346199964637,24.77408299997635,25.775171199996954,vis1,0,0,vis,3.0,3.0,3.0,0.0,True,False,False,False,False,False,False,False,False,True,True,False,True,False,True,False,False,True,False,False,True,False,False,False,False
26.70897960000159,28.210257399952503,28.210257399952503,28.210257399952503,28.31037639996223,28.710924499968066,,29.211110399986616,29.211110399986616,31.21282299998868,32.21374359995546,vis1,0,0,vis,4.0,4.0,4.0,0.0,False,False,False,False,False,False,False,False,False,True,True,False,True,False,True,False,False,True,False,False,True,False,False,False,False
33.181229999996255,34.68252759998152,34.68252759998152,34.68252759998152,34.78260779998684,35.18283289997792,35.399712399995884,35.683514699989,35.683514699989,37.68540219998406,38.68594959996128,vis1,0,0,vis,5.0,5.0,5.0,0.0,True,False,False,False,False,False,False,False,False,True,True,False,True,False,True,False,False,True,False,False,True,False,False,False,False
39.43689479999896,40.93798799999943,40.93798799999943,40.93798799999943,41.03825239995215,41.43826099998271,,41.93906079996098,41.93906079996098,43.94043209998356,44.94276269997656,vis1,0,0,vis,6.0,6.0,6.0,0.0,False,False,False,False,False,False,False,False,False,True,True,False,True,False,True,False,False,True,False,False,True,False,False,False,False
45.0749983999501,46.57619989996031,46.57619989996031,46.57619989996031,46.67609549995698,47.0764346000012,,47.57685969997849,47.57685969997849,49.5788378999657,50.57935019996669,vis2,1,0,vis,7.0,7.0,,0.0,False,True,False,False,False,True,False,False,True,False,False,False,False,False,True,False,False,False,False,True,True,False,False,False,False
50.66398249998176,52.165017200002445,52.165017200002445,52.165017200002445,52.265468699982854,52.665250299972946,,53.16613109998591,53.16613109998591,55.16758849996561,56.168210599987766,vis2,1,0,vis,8.0,8.0,,0.0,False,True,False,False,False,True,False,False,True,False,False,False,False,False,True,False,False,False,False,True,True,False,False,False,False
56.985849900005384,58.48690579995466,58.48690579995466,58.48690579995466,58.58696419996861,58.987512899979016,,59.487827099984976,59.487827099984976,61.48966319999611,62.49059389998158,vis2,1,0,vis,9.0,9.0,,0.0,False,True,False,False,False,True,False,False,True,False,False,False,False,False,True,False,False,False,False,True,True,False,False,False,False
64.09168399999338,65.59333839995973,65.59333839995973,65.59333839995973,65.69349639997539,66.09354589996813,,66.59381669999287,66.59381669999287,68.59573269997212,69.59683219996235,vis1,0,0,vis,10.0,10.0,10.0,0.0,False,False,False,False,False,False,False,False,False,True,True,False,True,False,True,False,False,True,False,False,True,False,False,False,False
70.09703559999774,71.59807789995988,71.59807789995988,71.59807789995988,71.69813709997992,72.09888179996936,72.29904819996749,72.59897709999653,72.59897709999653,74.60114069999848,75.60191659996939,vis2,1,0,vis,11.0,11.0,,0.0,True,False,True,False,True,False,False,False,True,False,False,False,False,False,True,False,False,False,False,True,True,False,False,False,False
75.91898059997196,77.41978429997992,77.41978429997992,77.41978429997992,77.51999899996166,77.92061499996065,,78.42082839995577,78.42082839995577,80.42274889996928,81.42317340000021,vis1,0,0,vis,12.0,12.0,12.0,0.0,False,False,False,False,False,False,False,False,False,True,True,False,True,False,True,False,False,True,False,False,True,False,False,False,False
83.19168769999827,84.69288539997955,84.69288539997955,84.69288539997955,84.79295290000458,85.19304549997626,,85.69368769997685,85.69368769997685,87.69515009999462,88.69621289999644,vis2,1,0,vis,13.0,13.0,,0.0,False,True,False,False,False,True,False,False,True,False,False,False,False,False,True,False,False,False,False,True,True,False,False,False,False
89.74739509996446,91.24823269999773,91.24823269999773,91.24823269999773,91.3485150999711,91.74883989996464,92.0659825999844,92.2495985999792,92.2495985999792,94.25096230000212,95.2520393999964,vis1,0,0,vis,14.0,14.0,14.0,0.0,True,False,False,False,False,False,False,False,False,True,True,False,True,False,True,False,False,True,False,False,True,False,False,False,False
95.90246719995933,97.40350809996902,97.40350809996902,97.40350809996902,97.50382859999966,97.90438209998841,97.98770710000257,98.40452599997819,98.40452599997819,100.4065455999896,101.4068751999964,vis2,1,0,vis,15.0,15.0,,0.0,True,False,True,False,True,False,False,False,True,False,False,False,False,False,True,False,False,False,False,True,True,False,False,False,False
101.4907617999795,102.99181879999536,102.99181879999536,102.99181879999536,103.09188459994924,103.49243140000338,103.65880849999097,103.99269999995316,103.99269999995316,105.99420109997457,106.99500699999929,vis1,0,0,vis,16.0,16.0,16.0,0.0,True,False,False,False,False,False,False,False,False,True,True,False,True,False,True,False,False,True,False,False,True,False,False,False,False
107.2287811999647,108.73034379998874,108.73034379998874,108.73034379998874,108.83030419995497,109.23044179997827,109.29716889997665,109.73111319996836,109.73111319996836,111.73240180000151,112.73345579999453,vis1,0,0,vis,17.0,17.0,17.0,0.0,True,False,False,False,False,False,False,False,False,True,True,False,True,False,True,False,False,True,False,False,True,False,False,False,False
114.88512859994965,116.38633529999946,116.38633529999946,116.38633529999946,116.48642459995766,116.88728229999263,,117.38720329997317,117.38720329997317,119.3889962000046,120.39032999997447,vis1,0,0,vis,18.0,18.0,18.0,0.0,False,False,False,False,False,False,False,False,False,True,True,False,True,False,True,False,False,True,False,False,True,False,False,False,False
120.45687219996192,121.95778809995112,121.95778809995112,121.95778809995112,122.05787679996295,122.45848459995771,122.5252173999995,122.95860789996526,122.95860789996526,124.96055789997057,125.96143459995231,vis1,0,0,vis,19.0,19.0,19.0,0.0,True,False,False,False,False,False,False,False,False,True,True,False,True,False,True,False,False,True,False,False,True,False,False,False,False
126.04465819995106,127.54593209998869,127.54593209998869,127.54593209998869,127.64618299995503,128.04680639995215,128.06303819997422,128.5467677000067,128.5467677000067,130.54896059999894,131.5494095999836,vis1,0,0,vis,20.0,20.0,20.0,0.0,True,False,False,False,False,False,False,False,False,True,True,False,True,False,True,False,False,True,False,False,True,False,False,False,False
132.149832099976,133.65107669996516,133.65107669996516,133.65107669996516,133.751159199988,134.15182029998115,134.18524849997786,134.65197829996188,134.65197829996188,136.65367149999085,137.65458709997776,vis2,1,0,vis,21.0,21.0,,0.0,True,False,True,False,True,False,False,False,True,False,False,False,False,False,True,False,False,False,False,True,True,False,False,False,False
139.10605239997105,140.60706679995357,140.60706679995357,140.60706679995357,140.70737059997347,141.10746469995658,,141.60796129995444,141.60796129995444,143.60983290000306,144.61092289997916,vis2,1,0,vis,22.0,22.0,,0.0,False,True,False,False,False,True,False,False,True,False,False,False,False,False,True,False,False,False,False,True,True,False,False,False,False
146.32882899995613,147.82989810000592,147.82989810000592,147.82989810000592,147.92998339999187,148.33086309996153,148.39704779996256,148.8309767999542,148.8309767999542,150.83266739996336,151.83384279994945,vis2,1,0,vis,23.0,23.0,,0.0,True,False,True,False,True,False,False,False,True,False,False,False,False,False,True,False,False,False,False,True,True,False,False,False,False
153.7184263999895,155.2198677999638,155.2198677999638,155.2198677999638,155.319988699988,155.71993099997937,,156.2208446999518,156.2208446999518,158.2221173999803,159.22299210000503,vis2,1,0,vis,24.0,24.0,,0.0,False,True,False,False,False,True,False,False,True,False,False,False,False,False,True,False,False,False,False,True,True,False,False,False,False
159.25655719999642,160.7575949999825,160.7575949999825,160.7575949999825,160.85768929997877,161.25828899997006,,161.75846789999352,161.75846789999352,163.7603194000055,164.7611997999572,vis2,1,0,vis,25.0,25.0,,0.0,False,True,False,False,False,True,False,False,True,False,False,False,False,False,True,False,False,False,False,True,True,False,False,False,False
164.877825399986,166.37907429994968,166.37907429994968,166.37907429994968,166.4791570999748,166.87998889998718,167.06320309994928,167.37999799999827,167.37999799999827,169.38158169995015,170.3824870999758,vis1,0,0,vis,26.0,26.0,26.0,0.0,True,False,False,False,False,False,False,False,False,True,True,False,True,False,True,False,False,True,False,False,True,False,False,False,False
171.216507999992,172.71807219997,172.71807219997,172.71807219997,172.81824529998423,173.218207299951,173.48539379996666,173.71917010000627,173.71917010000627,175.72041749995853,176.72144329996965,vis2,1,0,vis,27.0,27.0,,0.0,True,False,True,False,True,False,False,False,True,False,False,False,False,False,True,False,False,False,False,True,True,False,False,False,False
180.12451229996233,181.62561239995713,181.62561239995713,181.62561239995713,181.72572840000223,182.12582599995378,182.15929559997468,182.62648639997653,182.62648639997653,184.62798639998957,185.62887799996835,vis1,0,0,vis,28.0,28.0,28.0,0.0,True,False,False,False,False,False,False,False,False,True,True,False,True,False,True,False,False,True,False,False,True,False,False,False,False
186.2128619999946,187.71394949995167,187.71394949995167,187.71394949995167,187.81412479998264,188.2148422999978,187.81412479998264,188.714929199961,188.714929199961,190.7165004999931,191.71733799996738,vis2,1,0,vis,29.0,29.0,,0.0,True,False,True,False,True,False,False,False,True,False,False,False,False,False,True,False,False,False,False,True,True,False,False,False,False
191.7507350999601,193.25236789999482,193.25236789999482,193.25236789999482,193.3520991999628,193.75252899999916,193.9195022999863,194.25288259995588,194.25288259995588,196.25480499998386,197.25595819997554,vis1,0,0,vis,30.0,30.0,30.0,0.0,True,False,False,False,False,False,False,False,False,True,True,False,True,False,True,False,False,True,False,False,True,False,False,False,False
197.47253639996936,198.9736047999556,198.9736047999556,198.9736047999556,199.0736785999704,199.47421530000585,199.6076552999527,199.97441479995334,199.97441479995334,201.97634750000154,202.9769855999709,vis1,0,0,vis,31.0,31.0,31.0,0.0,True,False,False,False,False,False,False,False,False,True,True,False,True,False,True,False,False,True,False,False,True,False,False,False,False
204.29531559995095,205.79626669997535,205.79626669997535,205.79626669997535,205.89616919996635,206.29702609999524,206.37998119998676,206.7969084999729,206.7969084999729,208.79883249995484,209.8001534000011,vis1,0,0,vis,32.0,32.0,32.0,0.0,True,False,False,False,False,False,False,False,False,True,True,False,True,False,True,False,False,True,False,False,True,False,False,False,False
210.80045409996248,212.30211619998747,212.30211619998747,212.30211619998747,212.4017850000034,212.80223999999882,,213.3024609999936,213.3024609999936,215.30436929997242,216.30543799996096,vis2,1,0,vis,33.0,33.0,,0.0,False,True,False,False,False,True,False,False,True,False,False,False,False,False,True,False,False,False,False,True,True,False,False,False,False
216.60532509996276,218.10684989999,218.10684989999,218.10684989999,218.20670049999327,218.60705139995272,,219.10757780000287,219.10757780000287,221.10924480000696,222.11009569996688,vis2,1,0,vis,34.0,34.0,,0.0,False,True,False,False,False,True,False,False,True,False,False,False,False,False,True,False,False,False,False,True,True,False,False,False,False
222.17694369995453,223.6780040999963,223.6780040999963,223.6780040999963,223.77812069998774,224.1788896999876,224.4289576999815,224.6790319999652,224.6790319999652,226.68066349999,227.68165940000628,vis1,0,0,vis,35.0,35.0,35.0,0.0,True,False,False,False,False,False,False,False,False,True,True,False,True,False,True,False,False,True,False,False,True,False,False,False,False
229.483201499979,230.98468020000448,230.98468020000448,230.98468020000448,231.08434259997168,231.48488909996533,231.31789409998757,231.98516180000453,231.98516180000453,233.98728199996705,234.9876683999989,vis1,0,0,vis,36.0,36.0,36.0,0.0,True,False,False,False,False,False,False,False,False,True,True,False,True,False,True,False,False,True,False,False,True,False,False,False,False
235.8052599000018,237.30652389996405,237.30652389996405,237.30652389996405,237.40665039997268,237.80673329998692,237.67377219996135,238.30715049996226,238.30715049996226,240.30912179995514,241.31001490000355,vis1,0,0,vis,37.0,37.0,37.0,0.0,True,False,False,False,False,False,False,False,False,True,True,False,True,False,True,False,False,True,False,False,True,False,False,False,False
244.26287079999176,245.76361439994955,245.76361439994955,245.76361439994955,245.86384759995573,246.26451959997368,246.31421269995346,246.76461019996506,246.76461019996506,248.76613049995805,249.7669587999787,vis2,1,0,vis,38.0,38.0,,0.0,True,False,True,False,True,False,False,False,True,False,False,False,False,False,True,False,False,False,False,True,True,False,False,False,False
250.117244999981,251.6192124000024,251.6192124000024,251.6192124000024,251.7191171999527,252.11939189997221,252.18621899997535,252.61987119995476,252.61987119995476,254.6211931999512,255.62200799998547,vis1,0,0,vis,39.0,39.0,39.0,0.0,True,False,False,False,False,False,False,False,False,True,True,False,True,False,True,False,False,True,False,False,True,False,False,False,False
256.8566398999626,258.35761389998675,258.35761389998675,258.35761389998675,258.45772699995155,258.8585298999767,,259.3587548000012,259.3587548000012,261.3606105999877,262.361485799958,vis2,1,0,vis,40.0,40.0,,0.0,False,True,False,False,False,True,False,False,True,False,False,False,False,False,True,False,False,False,False,True,True,False,False,False,False
265.6139070000006,267.11565050000513,267.11565050000513,267.11565050000513,267.2152009999934,267.6157330999938,,268.11620149995156,268.11620149995156,270.11821619998386,271.11849689996757,vis2,1,0,vis,41.0,41.0,,0.0,False,True,False,False,False,True,False,False,True,False,False,False,False,False,True,False,False,False,False,True,True,False,False,False,False
271.4688804999548,272.9705334999687,272.9705334999687,272.9705334999687,273.0702781999805,273.47075339995513,273.6042135999976,273.97094039998206,273.97094039998206,275.97288139997704,276.9740504999734,vis1,0,0,vis,42.0,42.0,42.0,0.0,True,False,False,False,False,False,False,False,False,True,True,False,True,False,True,False,False,True,False,False,True,False,False,False,False
277.1070302999667,278.6085014999933,278.6085014999933,278.6085014999933,278.70854789997406,279.109209099968,,279.60936630000083,279.60936630000083,281.6108610999743,282.61188259995265,vis2,1,0,vis,43.0,43.0,,0.0,False,True,False,False,False,True,False,False,True,False,False,False,False,False,True,False,False,False,False,True,True,False,False,False,False
282.8122845999985,284.31315069995776,284.31315069995776,284.31315069995776,284.4132398999734,284.81380119996334,,285.3144110999508,285.3144110999508,287.316024999958,288.3166457999703,vis2,1,0,vis,44.0,44.0,,0.0,False,True,False,False,False,True,False,False,True,False,False,False,False,False,True,False,False,False,False,True,True,False,False,False,False
288.516750599965,290.0182679999941,290.0182679999941,290.0182679999941,290.1185660999706,290.5184767999542,,291.01887519996103,291.01887519996103,293.02082539996786,294.0216342999572,vis2,1,0,vis,45.0,45.0,,0.0,False,True,False,False,False,True,False,False,True,False,False,False,False,False,True,False,False,False,False,True,True,False,False,False,False
294.5888299999731,296.08988860000113,296.08988860000113,296.08988860000113,296.19016569999235,296.5908249999718,296.8238426999976,297.09093719995303,297.09093719995303,299.0928062999826,300.0933356999974,vis1,0,0,vis,46.0,46.0,46.0,0.0,True,False,False,False,False,False,False,False,False,True,True,False,True,False,True,False,False,True,False,False,True,False,False,False,False
302.14511469996955,303.6468684999943,303.6468684999943,303.6468684999943,303.7464159999597,304.1469393999521,,304.64720239997564,304.64720239997564,306.6491323000025,307.65013969998995,vis1,0,0,vis,47.0,47.0,47.0,0.0,False,False,False,False,False,False,False,False,False,True,True,False,True,False,True,False,False,True,False,False,True,False,False,False,False
308.4339728999855,309.93503279996526,309.93503279996526,309.93503279996526,310.03510609997625,310.4356662999578,,310.93589879998194,310.93589879998194,312.9378587000044,313.9387495999779,vis2,1,0,vis,48.0,48.0,,0.0,False,True,False,False,False,True,False,False,True,False,False,False,False,False,True,False,False,False,False,True,True,False,False,False,False
314.22226560000286,315.7233407999827,315.7233407999827,315.7233407999827,315.82359189995054,316.2241836999981,,316.72437909997257,316.72437909997257,318.72585599998433,319.72691569996255,vis1,0,0,vis,49.0,49.0,49.0,0.0,False,False,False,False,False,False,False,False,False,True,True,False,True,False,True,False,False,True,False,False,True,False,False,False,False
320.06080539996924,321.56171759998847,321.56171759998847,321.56171759998847,321.6619412999805,322.062050999966,,322.5630074999733,322.5630074999733,324.5646623000009,325.56556899997827,vis2,1,0,vis,50.0,50.0,,0.0,False,True,False,False,False,True,False,False,True,False,False,False,False,False,True,False,False,False,False,True,True,False,False,False,False
325.6152991999495,327.1164121999843,327.1164121999843,327.1164121999843,327.2166800999637,327.61731869996015,,328.11726539996175,328.11726539996175,330.1191900000065,331.1198615999981,vis2,1,0,vis,51.0,51.0,,0.0,False,True,False,False,False,True,False,False,True,False,False,False,False,False,True,False,False,False,False,True,True,False,False,False,False
332.28756729997417,333.7889531999915,333.7889531999915,333.7889531999915,333.88911100000564,334.28921029997014,,334.79013729998564,334.79013729998564,336.791500400004,337.7921585999518,vis2,1,0,vis,52.0,52.0,,0.0,False,True,False,False,False,True,False,False,True,False,False,False,False,False,True,False,False,False,False,True,True,False,False,False,False
339.10998279998034,340.611256599959,340.611256599959,340.611256599959,340.71134139999936,341.11203189998355,,341.61207819998685,341.61207819998685,343.6141751000048,344.61528999999587,vis1,0,0,vis,53.0,53.0,53.0,0.0,False,False,False,False,False,False,False,False,False,True,True,False,True,False,True,False,False,True,False,False,True,False,False,False,False
345.7825349999564,347.28408079996893,347.28408079996893,347.28408079996893,347.38421659999017,347.78426419996845,348.0675898999996,348.28447530000426,348.28447530000426,350.28662919999056,351.28712679999603,vis1,0,0,vis,54.0,54.0,54.0,0.0,True,False,False,False,False,False,False,False,False,True,True,False,True,False,True,False,False,True,False,False,True,False,False,False,False
352.00448579999806,353.5058540999978,353.5058540999978,353.5058540999978,353.6059092999874,354.00601489999985,,354.5066400999874,354.5066400999874,356.50814659999173,357.5092162999879,vis2,1,0,vis,55.0,55.0,,0.0,False,True,False,False,False,True,False,False,True,False,False,False,False,False,True,False,False,False,False,True,True,False,False,False,False
357.5590649999883,359.06032179995395,359.06032179995395,359.06032179995395,359.1606916999533,359.5609736999702,359.6610406999914,360.0612083999529,360.0612083999529,362.063129899974,363.06372169999827,vis1,0,0,vis,56.0,56.0,56.0,0.0,True,False,False,False,False,False,False,False,False,True,True,False,True,False,True,False,False,True,False,False,True,False,False,False,False
366.70066379995274,368.2016757999752,368.2016757999752,368.2016757999752,368.30176259997256,368.70187899995085,,369.2025690999669,369.2025690999669,371.2042544999947,372.2048849999644,vis2,1,0,vis,57.0,57.0,,0.0,False,True,False,False,False,True,False,False,True,False,False,False,False,False,True,False,False,False,False,True,True,False,False,False,False
372.5558087999905,374.05689369998595,374.05689369998595,374.05689369998595,374.15654499998504,374.5571116999579,374.69079649996434,375.0575364999911,375.0575364999911,377.0592353000045,378.05990739999993,vis1,0,0,vis,58.0,58.0,58.0,0.0,True,False,False,False,False,False,False,False,False,True,True,False,True,False,True,False,False,True,False,False,True,False,False,False,False
379.59491709998997,381.09587029997215,381.09587029997215,381.09587029997215,381.1961465999573,381.59626249998996,381.64671989996873,382.0971362999496,382.0971362999496,384.09876729997063,385.0992608000031,vis1,0,0,vis,59.0,59.0,59.0,0.0,True,False,False,False,False,False,False,False,False,True,True,False,True,False,True,False,False,True,False,False,True,False,False,False,False
387.06764350000026,388.5693705999963,388.5693705999963,388.5693705999963,388.66896019999126,389.0696401999537,388.719217399959,389.569761600005,389.569761600005,391.57140719996255,392.5724535999559,vis2,1,0,vis,60.0,60.0,,0.0,True,False,True,False,True,False,False,False,True,False,False,False,False,False,True,False,False,False,False,True,True,False,False,False,False
394.991047199999,396.4927718999768,396.4927718999768,396.4927718999768,396.5924076999743,396.9929622999714,,397.49321259995645,397.49321259995645,399.495193999968,400.4962750999928,vis1,0,0,vis,61.0,61.0,61.0,0.0,False,False,False,False,False,False,False,False,False,True,True,False,True,False,True,False,False,True,False,False,True,False,False,False,False
401.0796022999655,402.5808163999552,402.5808163999552,402.5808163999552,402.6810037999619,403.08161060000725,403.2819339999785,403.5816999999895,403.5816999999895,405.58399579995034,406.5842405999517,vis2,1,0,vis,62.0,62.0,,0.0,True,False,True,False,True,False,False,False,True,False,False,False,False,False,True,False,False,False,False,True,True,False,False,False,False
408.25271429995496,409.7538144999505,409.7538144999505,409.7538144999505,409.8540018999572,410.2540978999548,410.5042947999989,410.75496989995895,410.75496989995895,412.75669869996796,413.7571371999891,vis2,1,0,vis,63.0,63.0,,0.0,True,False,True,False,True,False,False,False,True,False,False,False,False,False,True,False,False,False,False,True,True,False,False,False,False
414.4412147000055,415.9423308000057,415.9423308000057,415.9423308000057,416.0425844999934,416.44270119997395,416.60949399998367,416.9433507999727,416.9433507999727,418.94486830000255,419.9457079999936,vis1,0,0,vis,64.0,64.0,64.0,0.0,True,False,False,False,False,False,False,False,False,True,True,False,True,False,True,False,False,True,False,False,True,False,False,False,False
421.0968856999623,422.59804179997604,422.59804179997604,422.59804179997604,422.69799159997797,423.0985973999575,,423.598787100005,423.598787100005,425.60083369998915,426.6017206999911,vis2,1,0,vis,65.0,65.0,,0.0,False,True,False,False,False,True,False,False,True,False,False,False,False,False,True,False,False,False,False,True,True,False,False,False,False
427.08539629996244,428.58639079996806,428.58639079996806,428.58639079996806,428.6864901000024,429.0871541999602,,429.5872993999599,429.5872993999599,431.589277300003,432.5898818999501,vis2,1,0,vis,66.0,66.0,,0.0,False,True,False,False,False,True,False,False,True,False,False,False,False,False,True,False,False,False,False,True,True,False,False,False,False
433.24034699996423,434.7421154999845,434.7421154999845,434.7421154999845,434.84221009998305,435.2423192999647,435.625813099972,435.7425216999925,435.7425216999925,437.7444519999642,438.74557919999074,vis1,0,0,vis,67.0,67.0,67.0,0.0,True,False,False,False,False,False,False,False,False,True,True,False,True,False,True,False,False,True,False,False,True,False,False,False,False
441.9644614999504,443.46631279996086,443.46631279996086,443.46631279996086,443.5662911000052,443.9665196999647,443.71624689998293,444.46665179998104,444.46665179998104,446.4687232999802,447.46919319994936,vis1,0,0,vis,68.0,68.0,68.0,0.0,True,False,False,False,False,False,False,False,False,True,True,False,True,False,True,False,False,True,False,False,True,False,False,False,False
448.18642789999444,449.6877741000005,449.6877741000005,449.6877741000005,449.7878997000023,450.18853959995045,,450.6886524999952,450.6886524999952,452.69037029997867,453.69140469999707,vis1,0,0,vis,69.0,69.0,69.0,0.0,False,False,False,False,False,False,False,False,False,True,True,False,True,False,True,False,False,True,False,False,True,False,False,False,False
454.8593386999653,456.3622581999605,456.3622581999605,456.3622581999605,456.460677899953,456.86051939999174,457.32770739997227,457.3609841999803,457.3609841999803,459.36322069995526,460.36355319998415,vis1,0,0,vis,70.0,70.0,70.0,0.0,True,False,False,False,False,False,False,False,False,True,True,False,True,False,True,False,False,True,False,False,True,False,False,False,False
460.58080669999777,462.081910299961,462.081910299961,462.081910299961,462.18200059998503,462.5820730999783,462.798998299995,463.08297919995107,463.08297919995107,465.0844497999731,466.0851255999967,vis1,0,0,vis,71.0,71.0,71.0,0.0,True,False,False,False,False,False,False,False,False,True,True,False,True,False,True,False,False,True,False,False,True,False,False,False,False
468.3537249000017,469.8549545999938,469.8549545999938,469.8549545999938,469.9551677999641,470.35588609998536,,470.85588709999297,470.85588709999297,472.85773890000723,473.8584793999996,vis2,1,0,vis,72.0,72.0,,0.0,False,True,False,False,False,True,False,False,True,False,False,False,False,False,True,False,False,False,False,True,True,False,False,False,False
474.5425280999714,476.0435667999643,476.0435667999643,476.0435667999643,476.1437714999863,476.5442081999588,,477.04444199999284,477.04444199999284,479.04657129996644,480.047063499989,vis2,1,0,vis,73.0,73.0,,0.0,False,True,False,False,False,True,False,False,True,False,False,False,False,False,True,False,False,False,False,True,True,False,False,False,False
480.1137537999982,481.61544499995375,481.61544499995375,481.61544499995375,481.71566629998574,482.1154958999921,,482.61591249996286,482.61591249996286,484.61768149998693,485.61865729996657,vis2,1,0,vis,74.0,74.0,,0.0,False,True,False,False,False,True,False,False,True,False,False,False,False,False,True,False,False,False,False,True,True,False,False,False,False
485.9354316999759,487.43684649998045,487.43684649998045,487.43684649998045,487.5369694999624,487.93707179994976,487.57040439995194,488.4378061999539,488.4378061999539,490.43976129999805,491.4400930999634,vis2,1,0,vis,75.0,75.0,,0.0,True,False,True,False,True,False,False,False,True,False,False,False,False,False,True,False,False,False,False,True,True,False,False,False,False
492.4075948000043,493.9088617999894,493.9088617999894,493.9088617999894,494.0092017999939,494.40929419996405,,494.90989699995566,494.90989699995566,496.91192860000024,497.9123558999943,vis1,0,0,vis,76.0,76.0,76.0,0.0,False,False,False,False,False,False,False,False,False,True,True,False,True,False,True,False,False,True,False,False,True,False,False,False,False
498.2630722999545,499.764128199962,499.764128199962,499.764128199962,499.864251700006,500.26430549997326,,500.7649462999632,500.7649462999632,502.7664328999906,503.7673688999582,vis2,1,0,vis,77.0,77.0,,0.0,False,True,False,False,False,True,False,False,True,False,False,False,False,False,True,False,False,False,False,True,True,False,False,False,False
505.16889549996426,506.6698321999954,506.6698321999954,506.6698321999954,506.76982389996715,507.1703934999621,507.38703599997984,507.67061039998384,507.67061039998384,509.6726070999955,510.67700769997623,vis1,0,0,vis,78.0,78.0,78.0,0.0,True,False,False,False,False,False,False,False,False,True,True,False,True,False,True,False,False,True,False,False,True,False,False,False,False
510.7568814999629,512.2578863999895,512.2578863999895,512.2578863999895,512.3579223999493,512.7587144999504,512.641498599967,513.258900799972,513.258900799972,515.2604415000039,516.2614979999578,vis1,0,0,vis,79.0,79.0,79.0,0.0,True,False,False,False,False,False,False,False,False,True,True,False,True,False,True,False,False,True,False,False,True,False,False,False,False
517.3791465999764,518.8803674999597,518.8803674999597,518.8803674999597,518.9805107999798,519.3806248999988,,519.8812570999814,519.8812570999814,521.8831367999753,522.884102699996,vis2,1,0,vis,80.0,80.0,,0.0,False,True,False,False,False,True,False,False,True,False,False,False,False,False,True,False,False,False,False,True,True,False,False,False,False
524.1348935999647,525.6359777999548,525.6359777999548,525.6359777999548,525.7362846999984,526.1366211999646,,526.6370073999949,526.6370073999949,528.638876599967,529.6397907000007,vis2,1,0,vis,81.0,81.0,,0.0,False,True,False,False,False,True,False,False,True,False,False,False,False,False,True,False,False,False,False,True,True,False,False,False,False
529.8730463999761,531.3742018999853,531.3742018999853,531.3742018999853,531.4743195999852,531.8751213000012,531.8417133999844,532.3751079999581,532.3751079999581,534.3770204999689,535.3781683999784,vis1,0,0,vis,82.0,82.0,82.0,0.0,True,False,False,False,False,False,False,False,False,True,True,False,True,False,True,False,False,True,False,False,True,False,False,False,False
536.2950972999768,537.7965696999543,537.7965696999543,537.7965696999543,537.8966377999839,538.2972208999652,538.0465459000059,538.797379699952,538.797379699952,540.7989115999751,541.8001512999851,vis2,1,0,vis,83.0,83.0,,0.0,True,False,True,False,True,False,False,False,True,False,False,False,False,False,True,False,False,False,False,True,True,False,False,False,False
542.9007179999696,544.4024118000032,544.4024118000032,544.4024118000032,544.5025032999781,544.9027493999545,545.0858999999562,545.4028817999731,545.4028817999731,547.4045863999725,548.405796899993,vis1,0,0,vis,84.0,84.0,84.0,0.0,True,False,False,False,False,False,False,False,False,True,True,False,True,False,True,False,False,True,False,False,True,False,False,False,False
551.2581998999901,552.7591677999678,552.7591677999678,552.7591677999678,552.8594503000002,553.2600229999605,,553.7601585000027,553.7601585000027,555.7618880999596,556.7628132999614,vis2,1,0,vis,85.0,85.0,,0.0,False,True,False,False,False,True,False,False,True,False,False,False,False,False,True,False,False,False,False,True,True,False,False,False,False
557.7136351000024,559.2151852999903,559.2151852999903,559.2151852999903,559.3153041999992,559.7152684999835,,560.2160292999558,560.2160292999558,562.2171923999647,563.2180301999995,vis2,1,0,vis,86.0,86.0,,0.0,False,True,False,False,False,True,False,False,True,False,False,False,False,False,True,False,False,False,False,True,True,False,False,False,False
563.568424399951,565.0699200999895,565.0699200999895,565.0699200999895,565.170088899971,565.5700774999657,,566.0707750999807,566.0707750999807,568.0722540999502,569.0730519999722,vis1,0,0,vis,87.0,87.0,87.0,0.0,False,False,False,False,False,False,False,False,False,True,True,False,True,False,True,False,False,True,False,False,True,False,False,False,False
572.0257658999851,573.5270569999791,573.5270569999791,573.5270569999791,573.627333799968,574.0273192999973,,574.527808099994,574.527808099994,576.5798913999549,577.5805599999819,vis2,1,0,vis,88.0,88.0,,0.0,False,True,False,False,False,True,False,False,True,False,False,False,False,False,True,False,False,False,False,True,True,False,False,False,False
578.0807912999969,579.5820772999521,579.5820772999521,579.5820772999521,579.6823368999846,580.0826578000067,580.5162173999795,580.5829305999885,580.5829305999885,582.585074399956,583.5856681999956,vis1,0,0,vis,89.0,89.0,89.0,0.0,True,False,False,False,False,False,False,False,False,True,True,False,True,False,True,False,False,True,False,False,True,False,False,False,False
584.0694600999793,585.5705156999845,585.5705156999845,585.5705156999845,585.6705473999698,586.0708965999745,586.2711035999907,586.5715635999893,586.5715635999893,588.573322799997,589.5739223999642,vis1,0,0,vis,90.0,90.0,90.0,0.0,True,False,False,False,False,False,False,False,False,True,True,False,True,False,True,False,False,True,False,False,True,False,False,False,False
590.6915540999705,592.192899299969,592.192899299969,592.192899299969,592.2931103999815,592.6932695999947,,593.1938797999844,593.1938797999844,595.1955315999892,596.196771800003,vis2,1,0,vis,91.0,91.0,,0.0,False,True,False,False,False,True,False,False,True,False,False,False,False,False,True,False,False,False,False,True,True,False,False,False,False
596.9802763999994,598.4815217999947,598.4815217999947,598.4815217999947,598.5816279999651,598.9821293999646,,599.482374599969,599.482374599969,601.4842956999871,602.4852565999697,vis2,1,0,vis,92.0,92.0,,0.0,False,True,False,False,False,True,False,False,True,False,False,False,False,False,True,False,False,False,False,True,True,False,False,False,False
603.4524208000018,604.9540955000064,604.9540955000064,604.9540955000064,605.0540742999963,605.4541464999872,605.6209189999588,605.9566666999688,605.9566666999688,607.9562889000024,608.9573565999833,vis1,0,0,vis,93.0,93.0,93.0,0.0,True,False,False,False,False,False,False,False,False,True,True,False,True,False,True,False,False,True,False,False,True,False,False,False,False
609.7082806999767,611.2092741999747,611.2092741999747,611.2092741999747,611.3093806000049,611.7094922000049,611.4592626000028,612.210083999971,612.210083999971,614.2116127999705,615.2124615999726,vis1,0,0,vis,94.0,94.0,94.0,0.0,True,False,False,False,False,False,False,False,False,True,True,False,True,False,True,False,False,True,False,False,True,False,False,False,False
615.829844600006,617.3310168999685,617.3310168999685,617.3310168999685,617.4310642999569,617.8317303999881,,618.332043399985,618.332043399985,620.3339917999781,621.3345881999792,vis2,1,0,vis,95.0,95.0,,0.0,False,True,False,False,False,True,False,False,True,False,False,False,False,False,True,False,False,False,False,True,True,False,False,False,False
622.7355932999724,624.2368635999826,624.2368635999826,624.2368635999826,624.3369059999911,624.7374516999787,624.8045851999866,625.2377439999925,625.2377439999925,627.2393832999603,628.2404838999589,vis2,1,0,vis,96.0,96.0,,0.0,True,False,True,False,True,False,False,False,True,False,False,False,False,False,True,False,False,False,False,True,True,False,False,False,False
628.7745273999842,630.2755224999944,630.2755224999944,630.2755224999944,630.3756324999938,630.7762830999652,630.9759573999997,631.2763728999505,631.2763728999505,633.2783530999529,634.2787850999828,vis1,0,0,vis,97.0,97.0,97.0,0.0,True,False,False,False,False,False,False,False,False,True,True,False,True,False,True,False,False,True,False,False,True,False,False,False,False
634.9795567999915,636.4807019999805,636.4807019999805,636.4807019999805,636.5809070000048,636.9815277999821,637.0981316999621,637.4817528999499,637.4817528999499,639.4834212999647,640.4845152999712,vis1,0,0,vis,98.0,98.0,98.0,0.0,True,False,False,False,False,False,False,False,False,True,True,False,True,False,True,False,False,True,False,False,True,False,False,False,False
641.9855485999813,643.4868591000065,643.4868591000065,643.4868591000065,643.5869178999653,643.987092199977,643.6033546999768,644.4878318999633,644.4878318999633,646.4891908999505,647.4902813999886,vis2,1,0,vis,99.0,99.0,,0.0,True,False,True,False,True,False,False,False,True,False,False,False,False,False,True,False,False,False,False,True,True,False,False,False,False
647.6735164999934,649.175012099973,649.175012099973,649.175012099973,649.2751422999515,649.6752506999853,649.5920342999832,650.1762072999934,650.1762072999934,652.1778650999856,653.1782969999565,vis2,1,0,vis,100.0,100.0,,0.0,True,False,True,False,True,False,False,False,True,False,False,False,False,False,True,False,False,False,False,True,True,False,False,False,False
653.3622510999646,654.8629977000035,654.8629977000035,654.8629977000035,654.9630811999757,655.3636304999907,,655.8639109999729,655.8639109999729,657.8656394999796,658.8669164999826,vis2,1,0,vis,101.0,101.0,,0.0,False,True,False,False,False,True,False,False,True,False,False,False,False,False,True,False,False,False,False,True,True,False,False,False,False
660.8183799999622,662.3195670999792,662.3195670999792,662.3195670999792,662.4197074999772,662.8198015999603,663.1870290999739,663.32077,663.32077,665.3219353999682,666.3228375999695,vis1,0,0,vis,102.0,102.0,102.0,0.0,True,False,False,False,False,False,False,False,False,True,True,False,True,False,True,False,False,True,False,False,True,False,False,False,False
666.7903268999742,668.2914725999669,668.2914725999669,668.2914725999669,668.3915859999922,668.7919152999618,668.9083658999969,669.2920239999746,669.2920239999746,671.2939500999726,672.2949214999769,vis1,0,0,vis,103.0,103.0,103.0,0.0,True,False,False,False,False,False,False,False,False,True,True,False,True,False,True,False,False,True,False,False,True,False,False,False,False
672.4285769999931,673.9293224999653,673.9293224999653,673.9293224999653,674.0293853999553,674.4299054999808,674.4130288999966,674.9301429999848,674.9301429999848,676.9320770999855,677.9327576999874,vis1,0,0,vis,104.0,104.0,104.0,0.0,True,False,False,False,False,False,False,False,False,True,True,False,True,False,True,False,False,True,False,False,True,False,False,False,False
678.1662169999997,679.667595799963,679.667595799963,679.667595799963,679.7678762999801,680.1685755999731,679.9844996999689,680.6686483000028,680.6686483000028,682.670066099972,683.670936099961,vis2,1,0,vis,105.0,105.0,,0.0,True,False,True,False,True,False,False,False,True,False,False,False,False,False,True,False,False,False,False,True,True,False,False,False,False
684.7387987999916,686.2399822999812,686.2399822999812,686.2399822999812,686.3401498999535,686.7402841999517,,687.2411082999986,687.2411082999986,689.2424137999858,690.2434876999557,vis2,1,0,vis,106.0,106.0,,0.0,False,True,False,False,False,True,False,False,True,False,False,False,False,False,True,False,False,False,False,True,True,False,False,False,False
690.426686999979,691.9284924999899,691.9284924999899,691.9284924999899,692.0284796999856,692.4288914000006,,692.9289230999509,692.9289230999509,694.930575199958,695.9314508999903,vis2,1,0,vis,107.0,107.0,,0.0,False,True,False,False,False,True,False,False,True,False,False,False,False,False,True,False,False,False,False,True,True,False,False,False,False
698.0503845999572,699.5513847000054,699.5513847000054,699.5513847000054,699.6515109999543,700.0516246999703,,700.5522384999874,700.5522384999874,702.5542098999811,703.5546455999809,vis2,1,0,vis,108.0,108.0,,0.0,False,True,False,False,False,True,False,False,True,False,False,False,False,False,True,False,False,False,False,True,True,False,False,False,False
703.7883949999903,705.2896139999591,705.2896139999591,705.2896139999591,705.390140799989,705.7898902999675,,706.2908350000014,706.2908350000014,708.2920886000009,709.2930642999797,vis2,1,0,vis,109.0,109.0,,0.0,False,True,False,False,False,True,False,False,True,False,False,False,False,False,True,False,False,False,False,True,True,False,False,False,False
710.644053899983,712.1444902999881,712.1444902999881,712.1444902999881,712.2445427999571,712.6450018999838,,713.1453908999772,713.1453908999772,715.1470460000071,716.1478908999795,vis1,0,0,vis,110.0,110.0,110.0,0.0,False,False,False,False,False,False,False,False,False,True,True,False,True,False,True,False,False,True,False,False,True,False,False,False,False
717.3159860999529,718.8175667999983,718.8175667999983,718.8175667999983,718.9170829999582,719.3172622000072,719.468729999973,719.8178176999879,719.8178176999879,721.8194196999627,722.8203581999494,vis1,0,0,vis,111.0,111.0,111.0,0.0,True,False,False,False,False,False,False,False,False,True,True,False,True,False,True,False,False,True,False,False,True,False,False,False,False
723.3540369999916,724.8557491999907,724.8557491999907,724.8557491999907,724.9554129999685,725.3558673999594,725.6726809999761,725.856609899967,725.856609899967,727.8579976999988,728.8588523999877,vis1,0,0,vis,112.0,112.0,112.0,0.0,True,False,False,False,False,False,False,False,False,True,True,False,True,False,True,False,False,True,False,False,True,False,False,False,False
729.1424301999593,730.6437967000036,730.6437967000036,730.6437967000036,730.7438032999723,731.1440504999571,731.3108865000047,731.6445645999718,731.6445645999718,733.6465279999627,734.6471481999704,vis1,0,0,vis,113.0,113.0,113.0,0.0,True,False,False,False,False,False,False,False,False,True,True,False,True,False,True,False,False,True,False,False,True,False,False,False,False
734.8139454999562,736.3151431999956,736.3151431999956,736.3151431999956,736.4151805999661,736.8157331000054,736.8665706999689,737.3159932000069,737.3159932000069,739.3177860999801,740.3186774999574,vis1,0,0,vis,114.0,114.0,114.0,0.0,True,False,False,False,False,False,False,False,False,True,True,False,True,False,True,False,False,True,False,False,True,False,False,False,False
740.6688518999815,742.1702461000039,742.1702461000039,742.1702461000039,742.2703105000053,742.6705498999888,,743.1710372999748,743.1710372999748,745.1726808999754,746.1735684999819,vis2,1,0,vis,115.0,115.0,,0.0,False,True,False,False,False,True,False,False,True,False,False,False,False,False,True,False,False,False,False,True,True,False,False,False,False
746.7242067999994,748.225449099971,748.225449099971,748.225449099971,748.3255071999827,748.7257103999816,,749.2266590999877,749.2266590999877,751.2280865999726,752.22880219995,vis2,1,0,vis,116.0,116.0,,0.0,False,True,False,False,False,True,False,False,True,False,False,False,False,False,True,False,False,False,False,True,True,False,False,False,False
752.4623726999941,753.9635838999618,753.9635838999618,753.9635838999618,754.0636063999934,754.4640558000044,,754.9644270999795,754.9644270999795,756.9670721999807,757.9682599000023,vis2,1,0,vis,117.0,117.0,,0.0,False,True,False,False,False,True,False,False,True,False,False,False,False,False,True,False,False,False,False,True,True,False,False,False,False
759.8198183999718,761.3206812999649,761.3206812999649,761.3206812999649,761.4211499999599,761.8210585999857,,762.3221096999566,762.3221096999566,764.3236265999819,765.3240279999534,vis2,1,0,vis,118.0,118.0,,0.0,False,True,False,False,False,True,False,False,True,False,False,False,False,False,True,False,False,False,False,True,True,False,False,False,False
766.7587851999649,768.2599095999701,768.2599095999701,768.2599095999701,768.3599441999775,768.7607997999964,769.0775249999804,769.2609664999852,769.2609664999852,771.2629289999693,772.2633761999984,vis1,0,0,vis,119.0,119.0,119.0,0.0,True,False,False,False,False,False,False,False,False,True,True,False,True,False,True,False,False,True,False,False,True,False,False,False,False
774.3319527999936,775.8332811999805,775.8332811999805,775.8332811999805,775.9331288999617,776.3336475999765,775.9499554999727,776.8338970999555,776.8338970999555,778.8355728999684,779.8366312999949,vis2,1,0,vis,120.0,120.0,,0.0,True,False,True,False,True,False,False,False,True,False,False,False,False,False,True,False,False,False,False,True,True,False,False,False,False
781.0375059999731,782.539144499993,782.539144499993,782.539144499993,782.63882609999,783.0393625999657,783.1559064999544,783.5396515999544,783.5396515999544,785.5414890999762,786.5426548000048,vis1,0,0,vis,121.0,121.0,121.0,0.0,True,False,False,False,False,False,False,False,False,True,True,False,True,False,True,False,False,True,False,False,True,False,False,False,False
788.3438839999815,789.8453897999805,789.8453897999805,789.8453897999805,789.9452353000031,790.3454473999534,790.1785961999647,790.8461110000005,790.8461110000005,792.8476256999509,793.848971899957,vis1,0,0,vis,122.0,122.0,122.0,0.0,True,False,False,False,False,False,False,False,False,True,True,False,True,False,True,False,False,True,False,False,True,False,False,False,False
794.3155295999693,795.8167336999993,795.8167336999993,795.8167336999993,795.9170647999943,796.3176533999592,795.9170647999943,796.8176986999549,796.8176986999549,798.819813799995,799.8201886999975,vis1,0,0,vis,123.0,123.0,123.0,0.0,True,False,False,False,False,False,False,False,False,True,True,False,True,False,True,False,False,True,False,False,True,False,False,False,False
800.4874800999621,801.9886744999765,801.9886744999765,801.9886744999765,802.0887525999658,802.4893633999834,802.4724688999793,802.9895306999767,802.9895306999767,804.9914863999672,805.9923033999601,vis1,0,0,vis,124.0,124.0,124.0,0.0,True,False,False,False,False,False,False,False,False,True,True,False,True,False,True,False,False,True,False,False,True,False,False,False,False
810.1627353999736,811.66376559996,811.66376559996,811.66376559996,811.7640751999659,812.1640674999887,812.4645511999931,812.6649731999585,812.6649731999585,814.6661668999675,815.6670143999597,vis1,0,0,vis,125.0,125.0,125.0,0.0,True,False,False,False,False,False,False,False,False,True,True,False,True,False,True,False,False,True,False,False,True,False,False,False,False
816.667941899979,818.1691678000004,818.1691678000004,818.1691678000004,818.2692758999854,818.6697996999808,818.2692758999854,819.1701342999675,819.1701342999675,821.1719462999697,822.172815000007,vis2,1,0,vis,126.0,126.0,,0.0,True,False,True,False,True,False,False,False,True,False,False,False,False,False,True,False,False,False,False,True,True,False,False,False,False
822.7233785999795,824.2245434000013,824.2245434000013,824.2245434000013,824.3246692000046,824.7251641999553,824.6252122999956,825.2254448999972,825.2254448999972,827.2268989999518,828.2279588999897,vis1,0,0,vis,127.0,127.0,127.0,0.0,True,False,False,False,False,False,False,False,False,True,True,False,True,False,True,False,False,True,False,False,True,False,False,False,False
830.4463084999677,831.9480282999664,831.9480282999664,831.9480282999664,832.0477158999508,832.4481106999535,832.664940299999,832.9488893000032,832.9488893000032,834.9506511999732,835.9510418999796,vis1,0,0,vis,128.0,128.0,128.0,0.0,True,False,False,False,False,False,False,False,False,True,True,False,True,False,True,False,False,True,False,False,True,False,False,False,False
836.3351145999711,837.8361935999799,837.8361935999799,837.8361935999799,837.9365109999869,838.3364584999597,,838.8372668000027,838.8372668000027,840.8385860999786,841.8396478999728,vis1,0,0,vis,129.0,129.0,129.0,0.0,False,False,False,False,False,False,False,False,False,True,True,False,True,False,True,False,False,True,False,False,True,False,False,False,False
842.1066610000069,843.6080062000053,843.6080062000053,843.6080062000053,843.7076735999524,844.1081613999647,844.2083611999494,844.6089036999708,844.6089036999708,846.6101981999907,847.61121479999,vis2,1,0,vis,130.0,130.0,,0.0,True,False,True,False,True,False,False,False,True,False,False,False,False,False,True,False,False,False,False,True,True,False,False,False,False
848.5285504000001,850.0297145999591,850.0297145999591,850.0297145999591,850.1298308000057,850.5303412999581,,851.030582199988,851.030582199988,853.0326559000039,854.0331553999656,vis2,1,0,vis,131.0,131.0,,0.0,False,True,False,False,False,True,False,False,True,False,False,False,False,False,True,False,False,False,False,True,True,False,False,False,False
854.2505457999739,855.7513242999646,855.7513242999646,855.7513242999646,855.8515558999586,856.2516929999781,,856.7523718999671,856.7523718999671,858.7538284999989,859.7549701999612,vis1,0,0,vis,132.0,132.0,132.0,0.0,False,False,False,False,False,False,False,False,False,True,True,False,True,False,True,False,False,True,False,False,True,False,False,False,False
860.4555707000052,861.9567902999786,861.9567902999786,861.9567902999786,862.0572181999539,862.4570929999552,,862.9577059999663,862.9577059999663,864.9595983999986,865.9600199000067,vis2,1,0,vis,133.0,133.0,,0.0,False,True,False,False,False,True,False,False,True,False,False,False,False,False,True,False,False,False,False,True,True,False,False,False,False
866.7108677000012,868.2121927999631,868.2121927999631,868.2121927999631,868.3124320999575,868.7124154999708,,869.2133153999546,869.2133153999546,871.2144998999518,872.2153567999574,vis2,1,0,vis,134.0,134.0,,0.0,False,True,False,False,False,True,False,False,True,False,False,False,False,False,True,False,False,False,False,True,True,False,False,False,False
872.6990926999804,874.2007938999539,874.2007938999539,874.2007938999539,874.3010387999909,874.7010141000007,,875.2012048999984,875.2012048999984,877.203125299953,878.2040390999844,vis2,1,0,vis,135.0,135.0,,0.0,False,True,False,False,False,True,False,False,True,False,False,False,False,False,True,False,False,False,False,True,True,False,False,False,False
878.5876498999512,880.0889225999797,880.0889225999797,880.0889225999797,880.1890657999991,880.5895779999644,,881.0897632999784,881.0897632999784,883.0915206999723,884.0926813999629,vis1,0,0,vis,136.0,136.0,136.0,0.0,False,False,False,False,False,False,False,False,False,True,True,False,True,False,True,False,False,True,False,False,True,False,False,False,False
884.4424904999994,885.9435268999748,885.9435268999748,885.9435268999748,886.043445099969,886.4434139999883,,886.9437963999897,886.9437963999897,888.9454979999662,889.9463562999824,vis1,0,0,vis,137.0,137.0,137.0,0.0,False,False,False,False,False,False,False,False,False,True,True,False,True,False,True,False,False,True,False,False,True,False,False,False,False
892.6323687000056,894.1332834999864,894.1332834999864,894.1332834999864,894.2334625999881,894.6341218999676,,895.1341696999823,895.1341696999823,897.1360701999599,898.1367752999738,vis2,1,0,vis,138.0,138.0,,0.0,False,True,False,False,False,True,False,False,True,False,False,False,False,False,True,False,False,False,False,True,True,False,False,False,False
899.9884365999694,901.489582399963,901.489582399963,901.489582399963,901.5897145999568,901.9904120999943,902.440383799965,902.4905486999867,902.4905486999867,904.4921433999641,905.4929808999966,vis1,0,0,vis,139.0,139.0,139.0,0.0,True,False,False,False,False,False,False,False,False,True,True,False,True,False,True,False,False,True,False,False,True,False,False,False,False
906.9943021999877,908.4956375999698,908.4956375999698,908.4956375999698,908.5960007999763,908.9960968999746,,909.4964354999918,909.4964354999918,911.4984300999874,912.4990150999599,vis2,1,0,vis,140.0,140.0,,0.0,False,True,False,False,False,True,False,False,True,False,False,False,False,False,True,False,False,False,False,True,True,False,False,False,False
912.6494636999648,914.150793699964,914.150793699964,914.150793699964,914.2504438999547,914.6509066999513,,915.1512221999672,915.1512221999672,917.1531402999624,918.1538577999543,vis2,1,0,vis,141.0,141.0,,0.0,False,True,False,False,False,True,False,False,True,False,False,False,False,False,True,False,False,False,False,True,True,False,False,False,False
919.7218379000058,921.2234734000028,921.2234734000028,921.2234734000028,921.3232327999519,921.7236152999774,921.8736898999866,922.2239620999987,922.2239620999987,924.2258256999864,925.2266068999977,vis1,0,0,vis,142.0,142.0,142.0,0.0,True,False,False,False,False,False,False,False,False,True,True,False,True,False,True,False,False,True,False,False,True,False,False,False,False
925.5435105000013,927.0447106000008,927.0447106000008,927.0447106000008,927.1447987999506,927.5452533000005,,928.0455561999786,928.0455561999786,930.0473583999644,931.0493404999813,vis2,1,0,vis,143.0,143.0,,0.0,False,True,False,False,False,True,False,False,True,False,False,False,False,False,True,False,False,False,False,True,True,False,False,False,False
934.9690437999759,936.4702349999659,936.4702349999659,936.4702349999659,936.570347199982,936.9708929999704,937.1541729999678,937.4710922999745,937.4710922999745,939.4731345999842,940.473962400001,vis1,0,0,vis,144.0,144.0,144.0,0.0,True,False,False,False,False,False,False,False,False,True,True,False,True,False,True,False,False,True,False,False,True,False,False,False,False
940.5570799000068,942.0583887999617,942.0583887999617,942.0583887999617,942.1584406999843,942.5592334999908,942.8590471999576,943.0591929999734,943.0591929999734,945.0608937000013,946.0622568999622,vis1,0,0,vis,145.0,145.0,145.0,0.0,True,False,False,False,False,False,False,False,False,True,True,False,True,False,True,False,False,True,False,False,True,False,False,False,False
946.8457871999797,948.3470440000035,948.3470440000035,948.3470440000035,948.4471412999644,948.8478789999588,,949.3479241999537,949.3479241999537,951.349801299986,952.3507509999997,vis1,0,0,vis,146.0,146.0,146.0,0.0,False,False,False,False,False,False,False,False,False,True,True,False,True,False,True,False,False,True,False,False,True,False,False,False,False
952.9676417999524,954.4694050999913,954.4694050999913,954.4694050999913,954.5690815999494,954.9695963999927,954.5690815999494,955.4698024999905,955.4698024999905,957.4716871999642,958.4725571999531,vis2,1,0,vis,147.0,147.0,,0.0,True,False,True,False,True,False,False,False,True,False,False,False,False,False,True,False,False,False,False,True,True,False,False,False,False
959.6736099000061,961.17475179997,961.17475179997,961.17475179997,961.2749551999821,961.6755630999776,961.8419380000066,962.1756358999498,962.1756358999498,964.1772393999943,965.1782628999879,vis1,0,0,vis,148.0,148.0,148.0,0.0,True,False,False,False,False,False,False,False,False,True,True,False,True,False,True,False,False,True,False,False,True,False,False,False,False
965.3283167999559,966.8296808999819,966.8296808999819,966.8296808999819,966.9298111999613,967.3299429999986,,967.83091269999,967.83091269999,969.8321936999653,970.832991699988,vis2,1,0,vis,149.0,149.0,,0.0,False,True,False,False,False,True,False,False,True,False,False,False,False,False,True,False,False,False,False,True,True,False,False,False,False
